--------MACHINE INFORMATION--------,,,,,,,,,,,,,,,,,,,,,,,,,,,,,,,,,,,,,,,,,,,,
,,,,,,,,,,,,,,,,,,,,,,,,,,,,,,,,,,,,,,,,,,,,
Processor: null,,,,,,,,,,,,,,,,,,,,,,,,,,,,,,,,,,,,,,,,,,,,
Java.vm.version: 11.2-b01,,,,,,,,,,,,,,,,,,,,,,,,,,,,,,,,,,,,,,,,,,,,
Java.runtime.version: 1.6.0_12-b04,,,,,,,,,,,,,,,,,,,,,,,,,,,,,,,,,,,,,,,,,,,,
Java.class.version: 50.0,,,,,,,,,,,,,,,,,,,,,,,,,,,,,,,,,,,,,,,,,,,,
Sun.management.compiler: HotSpot 64-Bit Server Compiler,,,,,,,,,,,,,,,,,,,,,,,,,,,,,,,,,,,,,,,,,,,,
Java.vm.specification.version: 1.0,,,,,,,,,,,,,,,,,,,,,,,,,,,,,,,,,,,,,,,,,,,,
OS Name: Linux,,,,,,,,,,,,,,,,,,,,,,,,,,,,,,,,,,,,,,,,,,,,
OS Version: 2.6.32-220.17.1.el6.x86_64,,,,,,,,,,,,,,,,,,,,,,,,,,,,,,,,,,,,,,,,,,,,
OS Arch: amd64,,,,,,,,,,,,,,,,,,,,,,,,,,,,,,,,,,,,,,,,,,,,
Available Processors: 8,,,,,,,,,,,,,,,,,,,,,,,,,,,,,,,,,,,,,,,,,,,,
,,,,,,,,,,,,,,,,,,,,,,,,,,,,,,,,,,,,,,,,,,,,
--------TEST RESULTS--------,,,,,,,,,,,,,,,,,,,,,,,,,,,,,,,,,,,,,,,,,,,,
 DATE ,MAXATTR, MAXFOWARD, MAXBACKWARD, GAP, MINSUPPORT, MAXNODES, EFGS, NODES, NUMATTR, ATTRBERN, EDGEBERN, NODES/EFG, P1, P2, P3, EDGE WEIGHT, P1, P2, P3, NODE WEIGHT, P1, P2, P3, ATTR WEIGHT, P1, P2, P3, PATNODE/EFG, P1, P2, P3, PATEFG, PATNODE, PATPROB, TIME(ms), NUMEDGES, TOTALSUBGRAPHS, HOTSUBGRAPHS, 0-EDGE, 1-EDGE, 2-EDGE, 3-EDGE, 4-EDGE, 5-EDGE
27/08/2015 10:42:00,5,5,5,0,0.21,10,10,1000,10,0.0424814008,0.1,U,10,10,0,G,1,10,10,E,1,0,0,G,1,10,10,E,1,0,0,9,10,0,ERROR,,,,,,,,,
27/08/2015 10:42:01,5,5,5,0,0.21,10,10,1000,10,0.0424814008,0.1,U,10,10,0,G,1,10,10,E,1,0,0,G,1,10,10,E,1,0,0,9,10,0,507,5645,0,0,,,,,,
27/08/2015 10:42:02,5,5,5,0,0.21,10,10,1000,10,0.0398928866,0.1,U,10,10,0,G,1,10,10,G,1,10,10,U,10,10,0,U,10,10,0,9,10,0,ERROR,,,,,,,,,
27/08/2015 10:42:02,5,5,5,0,0.21,10,10,1000,10,0.0398928866,0.1,U,10,10,0,G,1,10,10,G,1,10,10,U,10,10,0,U,10,10,0,9,10,0,484,6358,0,0,,,,,,
27/08/2015 10:42:03,5,5,5,0,0.21,10,10,1000,10,0.0134691781,0.1,E,1,0,0,G,1,10,10,U,10,10,0,U,10,10,0,G,1,10,10,3,10,0,ERROR,,,,,,,,,
27/08/2015 10:42:04,5,5,5,0,0.21,10,10,1000,10,0.0134691781,0.1,E,1,0,0,G,1,10,10,U,10,10,0,U,10,10,0,G,1,10,10,3,10,0,530,9951,0,0,,,,,,
27/08/2015 10:42:05,5,5,5,0,0.21,10,10,1000,10,0.030453206,0.1,U,10,10,0,E,1,0,0,E,1,0,0,G,1,10,10,U,10,10,0,2,10,0,ERROR,,,,,,,,,
27/08/2015 10:42:06,5,5,5,0,0.21,10,10,1000,10,0.030453206,0.1,U,10,10,0,E,1,0,0,E,1,0,0,G,1,10,10,U,10,10,0,2,10,0,506,5790,0,0,,,,,,
27/08/2015 10:42:06,5,5,5,0,0.21,10,10,1000,10,0.0416894162,0.1,U,10,10,0,U,10,10,0,E,1,0,0,E,1,0,0,U,10,10,0,4,10,0,ERROR,,,,,,,,,
27/08/2015 10:42:07,5,5,5,0,0.21,10,10,1000,10,0.0416894162,0.1,U,10,10,0,U,10,10,0,E,1,0,0,E,1,0,0,U,10,10,0,4,10,0,517,6312,0,0,,,,,,
27/08/2015 10:42:08,5,5,5,0,0.21,10,10,1000,10,0.06522408,0.1,E,1,0,0,E,1,0,0,E,1,0,0,U,10,10,0,U,10,10,0,4,10,0,ERROR,,,,,,,,,
27/08/2015 10:42:09,5,5,5,0,0.21,10,10,1000,10,0.06522408,0.1,E,1,0,0,E,1,0,0,E,1,0,0,U,10,10,0,U,10,10,0,4,10,0,537,9248,0,0,,,,,,
27/08/2015 10:42:10,5,5,5,0,0.21,10,10,1000,10,0.0751923765,0.1,E,1,0,0,G,1,10,10,U,10,10,0,E,1,0,0,E,1,0,0,3,10,0,ERROR,,,,,,,,,
27/08/2015 10:42:12,5,5,5,0,0.21,10,10,1000,10,0.0751923765,0.1,E,1,0,0,G,1,10,10,U,10,10,0,E,1,0,0,E,1,0,0,3,10,0,589,9108,0,0,,,,,,
27/08/2015 10:42:13,5,5,5,0,0.21,10,10,1000,10,0.0201052479,0.1,U,10,10,0,E,1,0,0,U,10,10,0,E,1,0,0,G,1,10,10,5,10,0,ERROR,,,,,,,,,
27/08/2015 10:42:14,5,5,5,0,0.21,10,10,1000,10,0.0201052479,0.1,U,10,10,0,E,1,0,0,U,10,10,0,E,1,0,0,G,1,10,10,5,10,0,811,5991,100,10,10,,,,,
27/08/2015 10:42:15,5,5,5,0,0.21,10,10,1000,10,0.0490797309,0.1,G,1,10,10,U,10,10,0,U,10,10,0,U,10,10,0,E,1,0,0,4,10,0,ERROR,,,,,,,,,
27/08/2015 10:42:16,5,5,5,0,0.21,10,10,1000,10,0.0490797309,0.1,G,1,10,10,U,10,10,0,U,10,10,0,U,10,10,0,E,1,0,0,4,10,0,454,6389,0,0,,,,,,
27/08/2015 10:42:16,5,5,5,0,0.21,10,10,1000,10,0.0102822692,0.1,E,1,0,0,E,1,0,0,U,10,10,0,G,1,10,10,E,1,0,0,3,10,0,ERROR,,,,,,,,,
27/08/2015 10:42:19,5,5,5,0,0.21,10,10,1000,10,0.0102822692,0.1,E,1,0,0,E,1,0,0,U,10,10,0,G,1,10,10,E,1,0,0,3,10,0,1285,9479,261,25,10,15,,,,
27/08/2015 10:42:23,5,5,5,0,0.22,10,10,1000,10,0.0753231086,0.1,G,1,10,10,E,1,0,0,E,1,0,0,G,1,10,10,E,1,0,0,4,10,0,ERROR,,,,,,,,,
27/08/2015 10:42:24,5,5,5,0,0.22,10,10,1000,10,0.0753231086,0.1,G,1,10,10,E,1,0,0,E,1,0,0,G,1,10,10,E,1,0,0,4,10,0,503,5789,0,0,,,,,,
27/08/2015 10:42:24,5,5,5,0,0.22,10,10,1000,10,2.1890442161520696E-4,0.1,E,1,0,0,E,1,0,0,U,10,10,0,U,10,10,0,G,1,10,10,2,10,0,ERROR,,,,,,,,,
27/08/2015 10:42:27,5,5,5,0,0.22,10,10,1000,10,2.1890442161520696E-4,0.1,E,1,0,0,E,1,0,0,U,10,10,0,U,10,10,0,G,1,10,10,2,10,0,1369,9687,303,28,10,18,,,,
27/08/2015 10:42:27,5,5,5,0,0.22,10,10,1000,10,0.066519788,0.1,G,1,10,10,G,1,10,10,G,1,10,10,G,1,10,10,U,10,10,0,8,10,0,ERROR,,,,,,,,,
27/08/2015 10:42:28,5,5,5,0,0.22,10,10,1000,10,0.066519788,0.1,G,1,10,10,G,1,10,10,G,1,10,10,G,1,10,10,U,10,10,0,8,10,0,518,5970,0,0,,,,,,
27/08/2015 10:42:29,5,5,5,0,0.22,10,10,1000,10,0.0276190954,0.1,E,1,0,0,G,1,10,10,E,1,0,0,E,1,0,0,E,1,0,0,3,10,0,ERROR,,,,,,,,,
27/08/2015 10:42:31,5,5,5,0,0.22,10,10,1000,10,0.0276190954,0.1,E,1,0,0,G,1,10,10,E,1,0,0,E,1,0,0,E,1,0,0,3,10,0,595,9394,0,0,,,,,,
27/08/2015 10:42:32,5,5,5,0,0.22,10,10,1000,10,0.0066260916,0.1,U,10,10,0,U,10,10,0,U,10,10,0,U,10,10,0,U,10,10,0,7,10,0,ERROR,,,,,,,,,
27/08/2015 10:42:33,5,5,5,0,0.22,10,10,1000,10,0.0066260916,0.1,U,10,10,0,U,10,10,0,U,10,10,0,U,10,10,0,U,10,10,0,7,10,0,448,6238,0,0,,,,,,
27/08/2015 10:42:33,5,5,5,0,0.22,10,10,1000,10,0.0941470798,0.1,U,10,10,0,E,1,0,0,E,1,0,0,G,1,10,10,G,1,10,10,4,10,0,ERROR,,,,,,,,,
27/08/2015 10:42:34,5,5,5,0,0.22,10,10,1000,10,0.0941470798,0.1,U,10,10,0,E,1,0,0,E,1,0,0,G,1,10,10,G,1,10,10,4,10,0,529,5631,0,0,,,,,,
27/08/2015 10:42:35,5,5,5,0,0.22,10,10,1000,10,0.0295127434,0.1,E,1,0,0,U,10,10,0,U,10,10,0,G,1,10,10,U,10,10,0,7,10,0,ERROR,,,,,,,,,
27/08/2015 10:42:37,5,5,5,0,0.22,10,10,1000,10,0.0295127434,0.1,E,1,0,0,U,10,10,0,U,10,10,0,G,1,10,10,U,10,10,0,7,10,0,575,9579,0,0,,,,,,
27/08/2015 10:42:38,5,5,5,0,0.22,10,10,1000,10,0.0309448442,0.1,G,1,10,10,E,1,0,0,E,1,0,0,U,10,10,0,E,1,0,0,8,10,0,ERROR,,,,,,,,,
27/08/2015 10:42:39,5,5,5,0,0.22,10,10,1000,10,0.0309448442,0.1,G,1,10,10,E,1,0,0,E,1,0,0,U,10,10,0,E,1,0,0,8,10,0,450,5955,0,0,,,,,,
27/08/2015 10:42:39,5,5,5,0,0.22,10,10,1000,10,0.0744364002,0.1,U,10,10,0,G,1,10,10,E,1,0,0,G,1,10,10,U,10,10,0,1,10,0,ERROR,,,,,,,,,
27/08/2015 10:42:40,5,5,5,0,0.22,10,10,1000,10,0.0744364002,0.1,U,10,10,0,G,1,10,10,E,1,0,0,G,1,10,10,U,10,10,0,1,10,0,512,5522,0,0,,,,,,
27/08/2015 10:42:41,5,5,5,0,0.22,10,10,1000,10,0.0436549836,0.1,U,10,10,0,U,10,10,0,U,10,10,0,U,10,10,0,G,1,10,10,10,10,0,ERROR,,,,,,,,,
27/08/2015 10:42:41,5,5,5,0,0.22,10,10,1000,10,0.0436549836,0.1,U,10,10,0,U,10,10,0,U,10,10,0,U,10,10,0,G,1,10,10,10,10,0,448,6312,0,0,,,,,,
27/08/2015 10:42:45,5,5,5,0,0.23,10,10,1000,10,0.0615693895,0.1,U,10,10,0,U,10,10,0,E,1,0,0,U,10,10,0,U,10,10,0,8,10,0,ERROR,,,,,,,,,
27/08/2015 10:42:46,5,5,5,0,0.23,10,10,1000,10,0.0615693895,0.1,U,10,10,0,U,10,10,0,E,1,0,0,U,10,10,0,U,10,10,0,8,10,0,456,5996,0,0,,,,,,
27/08/2015 10:42:46,5,5,5,0,0.23,10,10,1000,10,0.0949806152,0.1,G,1,10,10,E,1,0,0,E,1,0,0,E,1,0,0,G,1,10,10,6,10,0,ERROR,,,,,,,,,
27/08/2015 10:42:47,5,5,5,0,0.23,10,10,1000,10,0.0949806152,0.1,G,1,10,10,E,1,0,0,E,1,0,0,E,1,0,0,G,1,10,10,6,10,0,536,6193,0,0,,,,,,
27/08/2015 10:42:48,5,5,5,0,0.23,10,10,1000,10,0.0103272696,0.1,G,1,10,10,U,10,10,0,E,1,0,0,U,10,10,0,E,1,0,0,8,10,0,ERROR,,,,,,,,,
27/08/2015 10:42:48,5,5,5,0,0.23,10,10,1000,10,0.0103272696,0.1,G,1,10,10,U,10,10,0,E,1,0,0,U,10,10,0,E,1,0,0,8,10,0,445,5966,0,0,,,,,,
27/08/2015 10:42:49,5,5,5,0,0.23,10,10,1000,10,0.0228990035,0.1,G,1,10,10,U,10,10,0,E,1,0,0,G,1,10,10,E,1,0,0,3,10,0,ERROR,,,,,,,,,
27/08/2015 10:42:50,5,5,5,0,0.23,10,10,1000,10,0.0228990035,0.1,G,1,10,10,U,10,10,0,E,1,0,0,G,1,10,10,E,1,0,0,3,10,0,480,5990,0,0,,,,,,
27/08/2015 10:42:51,5,5,5,0,0.23,10,10,1000,10,0.0039750927,0.1,G,1,10,10,U,10,10,0,U,10,10,0,E,1,0,0,U,10,10,0,3,10,0,ERROR,,,,,,,,,
27/08/2015 10:42:52,5,5,5,0,0.23,10,10,1000,10,0.0039750927,0.1,G,1,10,10,U,10,10,0,U,10,10,0,E,1,0,0,U,10,10,0,3,10,0,487,5682,0,0,,,,,,
27/08/2015 10:42:52,5,5,5,0,0.23,10,10,1000,10,0.0338823892,0.1,E,1,0,0,U,10,10,0,U,10,10,0,E,1,0,0,U,10,10,0,4,10,0,ERROR,,,,,,,,,
27/08/2015 10:42:55,5,5,5,0,0.23,10,10,1000,10,0.0338823892,0.1,E,1,0,0,U,10,10,0,U,10,10,0,E,1,0,0,U,10,10,0,4,10,0,576,9050,0,0,,,,,,
27/08/2015 10:42:55,5,5,5,0,0.23,10,10,1000,10,0.0641052439,0.1,G,1,10,10,U,10,10,0,U,10,10,0,U,10,10,0,G,1,10,10,5,10,0,ERROR,,,,,,,,,
27/08/2015 10:42:56,5,5,5,0,0.23,10,10,1000,10,0.0641052439,0.1,G,1,10,10,U,10,10,0,U,10,10,0,U,10,10,0,G,1,10,10,5,10,0,455,6526,0,0,,,,,,
27/08/2015 10:42:56,5,5,5,0,0.23,10,10,1000,10,0.0417877843,0.1,E,1,0,0,U,10,10,0,E,1,0,0,G,1,10,10,G,1,10,10,3,10,0,ERROR,,,,,,,,,
27/08/2015 10:42:59,5,5,5,0,0.23,10,10,1000,10,0.0417877843,0.1,E,1,0,0,U,10,10,0,E,1,0,0,G,1,10,10,G,1,10,10,3,10,0,577,9063,0,0,,,,,,
27/08/2015 10:42:59,5,5,5,0,0.23,10,10,1000,10,0.0334529776,0.1,E,1,0,0,G,1,10,10,E,1,0,0,U,10,10,0,G,1,10,10,9,10,0,ERROR,,,,,,,,,
27/08/2015 10:43:01,5,5,5,0,0.23,10,10,1000,10,0.0334529776,0.1,E,1,0,0,G,1,10,10,E,1,0,0,U,10,10,0,G,1,10,10,9,10,0,534,9566,0,0,,,,,,
27/08/2015 10:43:01,5,5,5,0,0.23,10,10,1000,10,0.0276897699,0.1,U,10,10,0,U,10,10,0,E,1,0,0,G,1,10,10,U,10,10,0,3,10,0,ERROR,,,,,,,,,
27/08/2015 10:43:02,5,5,5,0,0.23,10,10,1000,10,0.0276897699,0.1,U,10,10,0,U,10,10,0,E,1,0,0,G,1,10,10,U,10,10,0,3,10,0,469,5633,0,0,,,,,,
27/08/2015 10:43:06,5,5,5,0,0.24,10,10,1000,10,0.0088290977,0.1,U,10,10,0,G,1,10,10,U,10,10,0,U,10,10,0,E,1,0,0,6,10,0,ERROR,,,,,,,,,
27/08/2015 10:43:07,5,5,5,0,0.24,10,10,1000,10,0.0088290977,0.1,U,10,10,0,G,1,10,10,U,10,10,0,U,10,10,0,E,1,0,0,6,10,0,444,6319,0,0,,,,,,
27/08/2015 10:43:07,5,5,5,0,0.24,10,10,1000,10,0.0991918647,0.1,E,1,0,0,E,1,0,0,G,1,10,10,G,1,10,10,E,1,0,0,10,10,0,ERROR,,,,,,,,,
27/08/2015 11:33:22,5,5,5,0,0.24,10,10,1000,10,0.0991918647,0.1,E,1,0,0,E,1,0,0,G,1,10,10,G,1,10,10,E,1,0,0,10,10,0,3012957,9641,2030166,4285,10,100,205,931,3039,
27/08/2015 11:33:23,5,5,5,0,0.24,10,10,1000,10,0.0766811172,0.1,U,10,10,0,E,1,0,0,G,1,10,10,E,1,0,0,G,1,10,10,6,10,0,ERROR,,,,,,,,,
27/08/2015 11:33:24,5,5,5,0,0.24,10,10,1000,10,0.0766811172,0.1,U,10,10,0,E,1,0,0,G,1,10,10,E,1,0,0,G,1,10,10,6,10,0,1363,5986,720,60,10,50,,,,
27/08/2015 11:33:25,5,5,5,0,0.24,10,10,1000,10,0.0175912401,0.1,U,10,10,0,U,10,10,0,E,1,0,0,E,1,0,0,U,10,10,0,5,10,0,ERROR,,,,,,,,,
27/08/2015 11:33:26,5,5,5,0,0.24,10,10,1000,10,0.0175912401,0.1,U,10,10,0,U,10,10,0,E,1,0,0,E,1,0,0,U,10,10,0,5,10,0,514,5998,0,0,,,,,,
27/08/2015 11:33:27,5,5,5,0,0.24,10,10,1000,10,0.0659650493,0.1,G,1,10,10,E,1,0,0,G,1,10,10,G,1,10,10,G,1,10,10,6,10,0,ERROR,,,,,,,,,
27/08/2015 11:33:28,5,5,5,0,0.24,10,10,1000,10,0.0659650493,0.1,G,1,10,10,E,1,0,0,G,1,10,10,G,1,10,10,G,1,10,10,6,10,0,1299,5918,637,53,10,43,,,,
27/08/2015 11:33:29,5,5,5,0,0.24,10,10,1000,10,0.0187370938,0.1,U,10,10,0,G,1,10,10,G,1,10,10,U,10,10,0,E,1,0,0,6,10,0,ERROR,,,,,,,,,
27/08/2015 11:33:30,5,5,5,0,0.24,10,10,1000,10,0.0187370938,0.1,U,10,10,0,G,1,10,10,G,1,10,10,U,10,10,0,E,1,0,0,6,10,0,516,6707,0,0,,,,,,
27/08/2015 11:33:30,5,5,5,0,0.24,10,10,1000,10,0.0721891977,0.1,E,1,0,0,E,1,0,0,G,1,10,10,E,1,0,0,E,1,0,0,8,10,0,ERROR,,,,,,,,,
27/08/2015 11:34:20,5,5,5,0,0.24,10,10,1000,10,0.0721891977,0.1,E,1,0,0,E,1,0,0,G,1,10,10,E,1,0,0,E,1,0,0,8,10,0,47705,9449,26815,383,10,95,37,78,163,
27/08/2015 11:34:21,5,5,5,0,0.24,10,10,1000,10,0.0737758586,0.1,G,1,10,10,E,1,0,0,E,1,0,0,G,1,10,10,G,1,10,10,9,10,0,ERROR,,,,,,,,,
27/08/2015 11:34:22,5,5,5,0,0.24,10,10,1000,10,0.0737758586,0.1,G,1,10,10,E,1,0,0,E,1,0,0,G,1,10,10,G,1,10,10,9,10,0,522,6045,0,0,,,,,,
27/08/2015 11:34:22,5,5,5,0,0.24,10,10,1000,10,0.0628300805,0.1,U,10,10,0,E,1,0,0,U,10,10,0,E,1,0,0,U,10,10,0,1,10,0,ERROR,,,,,,,,,
27/08/2015 11:34:24,5,5,5,0,0.24,10,10,1000,10,0.0628300805,0.1,U,10,10,0,E,1,0,0,U,10,10,0,E,1,0,0,U,10,10,0,1,10,0,866,6008,100,10,10,,,,,
27/08/2015 11:34:24,5,5,5,0,0.24,10,10,1000,10,7.854511390234076E-4,0.1,G,1,10,10,G,1,10,10,U,10,10,0,U,10,10,0,E,1,0,0,2,10,0,ERROR,,,,,,,,,
27/08/2015 11:34:25,5,5,5,0,0.24,10,10,1000,10,7.854511390234076E-4,0.1,G,1,10,10,G,1,10,10,U,10,10,0,U,10,10,0,E,1,0,0,2,10,0,442,6467,0,0,,,,,,
27/08/2015 11:34:28,5,5,5,0,0.25,10,10,1000,10,0.0310145455,0.1,U,10,10,0,E,1,0,0,E,1,0,0,G,1,10,10,U,10,10,0,3,10,0,ERROR,,,,,,,,,
27/08/2015 11:34:29,5,5,5,0,0.25,10,10,1000,10,0.0310145455,0.1,U,10,10,0,E,1,0,0,E,1,0,0,G,1,10,10,U,10,10,0,3,10,0,505,5473,0,0,,,,,,
27/08/2015 11:34:30,5,5,5,0,0.25,10,10,1000,10,0.076894737,0.1,G,1,10,10,G,1,10,10,G,1,10,10,G,1,10,10,E,1,0,0,9,10,0,ERROR,,,,,,,,,
27/08/2015 11:34:31,5,5,5,0,0.25,10,10,1000,10,0.076894737,0.1,G,1,10,10,G,1,10,10,G,1,10,10,G,1,10,10,E,1,0,0,9,10,0,516,5946,0,0,,,,,,
27/08/2015 11:34:31,5,5,5,0,0.25,10,10,1000,10,0.041426648,0.1,G,1,10,10,E,1,0,0,U,10,10,0,U,10,10,0,G,1,10,10,9,10,0,ERROR,,,,,,,,,
27/08/2015 11:34:33,5,5,5,0,0.25,10,10,1000,10,0.041426648,0.1,G,1,10,10,E,1,0,0,U,10,10,0,U,10,10,0,G,1,10,10,9,10,0,808,6522,100,10,10,,,,,
27/08/2015 11:34:33,5,5,5,0,0.25,10,10,1000,10,0.0172760125,0.1,G,1,10,10,E,1,0,0,E,1,0,0,G,1,10,10,U,10,10,0,2,10,0,ERROR,,,,,,,,,
27/08/2015 11:34:34,5,5,5,0,0.25,10,10,1000,10,0.0172760125,0.1,G,1,10,10,E,1,0,0,E,1,0,0,G,1,10,10,U,10,10,0,2,10,0,519,5848,0,0,,,,,,
27/08/2015 11:34:35,5,5,5,0,0.25,10,10,1000,10,0.0440753697,0.1,E,1,0,0,U,10,10,0,E,1,0,0,G,1,10,10,G,1,10,10,3,10,0,ERROR,,,,,,,,,
27/08/2015 11:34:37,5,5,5,0,0.25,10,10,1000,10,0.0440753697,0.1,E,1,0,0,U,10,10,0,E,1,0,0,G,1,10,10,G,1,10,10,3,10,0,575,9002,0,0,,,,,,
27/08/2015 11:34:38,5,5,5,0,0.25,10,10,1000,10,0.0261243903,0.1,G,1,10,10,E,1,0,0,E,1,0,0,U,10,10,0,G,1,10,10,10,10,0,ERROR,,,,,,,,,
27/08/2015 11:34:38,5,5,5,0,0.25,10,10,1000,10,0.0261243903,0.1,G,1,10,10,E,1,0,0,E,1,0,0,U,10,10,0,G,1,10,10,10,10,0,441,5940,0,0,,,,,,
27/08/2015 11:34:39,5,5,5,0,0.25,10,10,1000,10,0.0367047883,0.1,G,1,10,10,E,1,0,0,E,1,0,0,U,10,10,0,U,10,10,0,7,10,0,ERROR,,,,,,,,,
27/08/2015 11:34:40,5,5,5,0,0.25,10,10,1000,10,0.0367047883,0.1,G,1,10,10,E,1,0,0,E,1,0,0,U,10,10,0,U,10,10,0,7,10,0,452,5946,0,0,,,,,,
27/08/2015 11:34:40,5,5,5,0,0.25,10,10,1000,10,0.0209566553,0.1,G,1,10,10,G,1,10,10,G,1,10,10,G,1,10,10,E,1,0,0,6,10,0,ERROR,,,,,,,,,
27/08/2015 11:34:41,5,5,5,0,0.25,10,10,1000,10,0.0209566553,0.1,G,1,10,10,G,1,10,10,G,1,10,10,G,1,10,10,E,1,0,0,6,10,0,490,5944,0,0,,,,,,
27/08/2015 11:34:42,5,5,5,0,0.25,10,10,1000,10,0.0076138582,0.1,E,1,0,0,E,1,0,0,G,1,10,10,E,1,0,0,E,1,0,0,10,10,0,ERROR,,,,,,,,,
27/08/2015 11:34:46,5,5,5,0,0.25,10,10,1000,10,0.0076138582,0.1,E,1,0,0,E,1,0,0,G,1,10,10,E,1,0,0,E,1,0,0,10,10,0,1945,9264,731,63,10,49,1,2,1,
27/08/2015 11:34:46,5,5,5,0,0.25,10,10,1000,10,0.0272630834,0.1,E,1,0,0,E,1,0,0,U,10,10,0,U,10,10,0,E,1,0,0,7,10,0,ERROR,,,,,,,,,
27/08/2015 11:34:49,5,5,5,0,0.25,10,10,1000,10,0.0272630834,0.1,E,1,0,0,E,1,0,0,U,10,10,0,U,10,10,0,E,1,0,0,7,10,0,1421,10270,288,28,10,18,,,,
27/08/2015 11:34:52,5,5,5,0,0.11,10,10,1000,10,0.0972139134,0.1,G,1,10,10,U,10,10,0,U,10,10,0,G,1,10,10,G,1,10,10,8,10,0,ERROR,,,,,,,,,
27/08/2015 11:34:54,5,5,5,0,0.11,10,10,1000,10,0.0972139134,0.1,G,1,10,10,U,10,10,0,U,10,10,0,G,1,10,10,G,1,10,10,8,10,0,864,5672,81,9,9,,,,,
27/08/2015 11:34:54,5,5,5,0,0.11,10,10,1000,10,0.0767226162,0.1,G,1,10,10,G,1,10,10,E,1,0,0,U,10,10,0,E,1,0,0,6,10,0,ERROR,,,,,,,,,
27/08/2015 11:34:55,5,5,5,0,0.11,10,10,1000,10,0.0767226162,0.1,G,1,10,10,G,1,10,10,E,1,0,0,U,10,10,0,E,1,0,0,6,10,0,455,6049,0,0,,,,,,
27/08/2015 11:34:55,5,5,5,0,0.11,10,10,1000,10,0.0412631679,0.1,U,10,10,0,G,1,10,10,E,1,0,0,E,1,0,0,G,1,10,10,1,10,0,ERROR,,,,,,,,,
27/08/2015 11:34:56,5,5,5,0,0.11,10,10,1000,10,0.0412631679,0.1,U,10,10,0,G,1,10,10,E,1,0,0,E,1,0,0,G,1,10,10,1,10,0,503,5937,0,0,,,,,,
27/08/2015 11:34:57,5,5,5,0,0.11,10,10,1000,10,0.0173281555,0.1,G,1,10,10,U,10,10,0,E,1,0,0,G,1,10,10,E,1,0,0,9,10,0,ERROR,,,,,,,,,
27/08/2015 11:34:58,5,5,5,0,0.11,10,10,1000,10,0.0173281555,0.1,G,1,10,10,U,10,10,0,E,1,0,0,G,1,10,10,E,1,0,0,9,10,0,496,5695,0,0,,,,,,
27/08/2015 11:34:58,5,5,5,0,0.11,10,10,1000,10,0.0966601773,0.1,U,10,10,0,U,10,10,0,E,1,0,0,U,10,10,0,G,1,10,10,1,10,0,ERROR,,,,,,,,,
27/08/2015 11:34:59,5,5,5,0,0.11,10,10,1000,10,0.0966601773,0.1,U,10,10,0,U,10,10,0,E,1,0,0,U,10,10,0,G,1,10,10,1,10,0,465,6140,0,0,,,,,,
27/08/2015 11:35:00,5,5,5,0,0.11,10,10,1000,10,0.0222923901,0.1,U,10,10,0,G,1,10,10,G,1,10,10,E,1,0,0,U,10,10,0,9,10,0,ERROR,,,,,,,,,
27/08/2015 11:35:01,5,5,5,0,0.11,10,10,1000,10,0.0222923901,0.1,U,10,10,0,G,1,10,10,G,1,10,10,E,1,0,0,U,10,10,0,9,10,0,497,5962,0,0,,,,,,
27/08/2015 11:35:01,5,5,5,0,0.11,10,10,1000,10,0.0402512374,0.1,G,1,10,10,U,10,10,0,E,1,0,0,U,10,10,0,E,1,0,0,6,10,0,ERROR,,,,,,,,,
27/08/2015 11:35:02,5,5,5,0,0.11,10,10,1000,10,0.0402512374,0.1,G,1,10,10,U,10,10,0,E,1,0,0,U,10,10,0,E,1,0,0,6,10,0,452,6050,0,0,,,,,,
27/08/2015 11:35:03,5,5,5,0,0.11,10,10,1000,10,0.0117099314,0.1,U,10,10,0,G,1,10,10,U,10,10,0,G,1,10,10,E,1,0,0,3,10,0,ERROR,,,,,,,,,
27/08/2015 11:35:04,5,5,5,0,0.11,10,10,1000,10,0.0117099314,0.1,U,10,10,0,G,1,10,10,U,10,10,0,G,1,10,10,E,1,0,0,3,10,0,478,5518,0,0,,,,,,
27/08/2015 11:35:04,5,5,5,0,0.11,10,10,1000,10,0.0119378226,0.1,G,1,10,10,U,10,10,0,U,10,10,0,E,1,0,0,G,1,10,10,3,10,0,ERROR,,,,,,,,,
27/08/2015 11:35:05,5,5,5,0,0.11,10,10,1000,10,0.0119378226,0.1,G,1,10,10,U,10,10,0,U,10,10,0,E,1,0,0,G,1,10,10,3,10,0,499,5765,0,0,,,,,,
27/08/2015 11:35:06,5,5,5,0,0.11,10,10,1000,10,0.0980027097,0.1,G,1,10,10,E,1,0,0,U,10,10,0,G,1,10,10,U,10,10,0,5,10,0,ERROR,,,,,,,,,
27/08/2015 11:35:08,5,5,5,0,0.11,10,10,1000,10,0.0980027097,0.1,G,1,10,10,E,1,0,0,U,10,10,0,G,1,10,10,U,10,10,0,5,10,0,1968,5697,1449,107,10,94,1,1,1,
27/08/2015 11:35:11,5,5,5,0,0.12,10,10,1000,10,0.0459977363,0.1,E,1,0,0,E,1,0,0,E,1,0,0,G,1,10,10,U,10,10,0,9,10,0,ERROR,,,,,,,,,
27/08/2015 11:35:14,5,5,5,0,0.12,10,10,1000,10,0.0459977363,0.1,E,1,0,0,E,1,0,0,E,1,0,0,G,1,10,10,U,10,10,0,9,10,0,602,9220,0,0,,,,,,
27/08/2015 11:35:15,5,5,5,0,0.12,10,10,1000,10,0.0109184671,0.1,G,1,10,10,U,10,10,0,G,1,10,10,E,1,0,0,U,10,10,0,10,10,0,ERROR,,,,,,,,,
27/08/2015 11:35:16,5,5,5,0,0.12,10,10,1000,10,0.0109184671,0.1,G,1,10,10,U,10,10,0,G,1,10,10,E,1,0,0,U,10,10,0,10,10,0,808,5980,100,10,10,,,,,
27/08/2015 11:35:16,5,5,5,0,0.12,10,10,1000,10,0.0226039002,0.1,E,1,0,0,G,1,10,10,E,1,0,0,G,1,10,10,E,1,0,0,4,10,0,ERROR,,,,,,,,,
27/08/2015 11:35:19,5,5,5,0,0.12,10,10,1000,10,0.0226039002,0.1,E,1,0,0,G,1,10,10,E,1,0,0,G,1,10,10,E,1,0,0,4,10,0,572,8957,0,0,,,,,,
27/08/2015 11:35:19,5,5,5,0,0.12,10,10,1000,10,0.0960455133,0.1,E,1,0,0,E,1,0,0,E,1,0,0,E,1,0,0,U,10,10,0,10,10,0,ERROR,,,,,,,,,
27/08/2015 11:35:22,5,5,5,0,0.12,10,10,1000,10,0.0960455133,0.1,E,1,0,0,E,1,0,0,E,1,0,0,E,1,0,0,U,10,10,0,10,10,0,613,8739,1,1,1,,,,,
27/08/2015 11:35:22,5,5,5,0,0.12,10,10,1000,10,0.0625076554,0.1,E,1,0,0,E,1,0,0,G,1,10,10,U,10,10,0,U,10,10,0,2,10,0,ERROR,,,,,,,,,
27/08/2015 06:41:17,5,5,5,0,0.12,10,10,1000,10,0.0625076554,0.1,E,1,0,0,E,1,0,0,G,1,10,10,U,10,10,0,U,10,10,0,2,10,0,25553994,9770,19940014,13045,10,100,520,3063,9352,
27/08/2015 06:41:18,5,5,5,0,0.12,10,10,1000,10,0.0576733539,0.1,U,10,10,0,G,1,10,10,G,1,10,10,U,10,10,0,U,10,10,0,6,10,0,ERROR,,,,,,,,,
27/08/2015 06:41:19,5,5,5,0,0.12,10,10,1000,10,0.0576733539,0.1,U,10,10,0,G,1,10,10,G,1,10,10,U,10,10,0,U,10,10,0,6,10,0,534,6418,4,2,2,,,,,
27/08/2015 06:41:19,5,5,5,0,0.12,10,10,1000,10,0.0660597565,0.1,E,1,0,0,G,1,10,10,G,1,10,10,E,1,0,0,E,1,0,0,10,10,0,ERROR,,,,,,,,,
27/08/2015 06:41:22,5,5,5,0,0.12,10,10,1000,10,0.0660597565,0.1,E,1,0,0,G,1,10,10,G,1,10,10,E,1,0,0,E,1,0,0,10,10,0,833,8803,36,6,6,,,,,
27/08/2015 06:41:22,5,5,5,0,0.12,10,10,1000,10,0.0690882738,0.1,U,10,10,0,E,1,0,0,E,1,0,0,G,1,10,10,E,1,0,0,1,10,0,ERROR,,,,,,,,,
27/08/2015 06:41:23,5,5,5,0,0.12,10,10,1000,10,0.0690882738,0.1,U,10,10,0,E,1,0,0,E,1,0,0,G,1,10,10,E,1,0,0,1,10,0,520,5590,0,0,,,,,,
27/08/2015 06:41:24,5,5,5,0,0.12,10,10,1000,10,0.0923263368,0.1,G,1,10,10,E,1,0,0,U,10,10,0,G,1,10,10,E,1,0,0,1,10,0,ERROR,,,,,,,,,
27/08/2015 06:41:27,5,5,5,0,0.12,10,10,1000,10,0.0923263368,0.1,G,1,10,10,E,1,0,0,U,10,10,0,G,1,10,10,E,1,0,0,1,10,0,2448,5824,1825,132,10,97,6,7,12,
27/08/2015 06:41:27,5,5,5,0,0.12,10,10,1000,10,0.0197214429,0.1,G,1,10,10,G,1,10,10,G,1,10,10,E,1,0,0,G,1,10,10,2,10,0,ERROR,,,,,,,,,
27/08/2015 06:41:28,5,5,5,0,0.12,10,10,1000,10,0.0197214429,0.1,G,1,10,10,G,1,10,10,G,1,10,10,E,1,0,0,G,1,10,10,2,10,0,494,6189,0,0,,,,,,
27/08/2015 06:41:32,5,5,5,0,0.13,10,10,1000,10,0.0017284915,0.1,E,1,0,0,U,10,10,0,G,1,10,10,E,1,0,0,G,1,10,10,2,10,0,ERROR,,,,,,,,,
27/08/2015 06:41:35,5,5,5,0,0.13,10,10,1000,10,0.0017284915,0.1,E,1,0,0,U,10,10,0,G,1,10,10,E,1,0,0,G,1,10,10,2,10,0,1065,9285,100,10,10,,,,,
27/08/2015 06:41:36,5,5,5,0,0.13,10,10,1000,10,0.0556915741,0.1,E,1,0,0,G,1,10,10,G,1,10,10,U,10,10,0,U,10,10,0,9,10,0,ERROR,,,,,,,,,
27/08/2015 06:41:37,5,5,5,0,0.13,10,10,1000,10,0.0556915741,0.1,E,1,0,0,G,1,10,10,G,1,10,10,U,10,10,0,U,10,10,0,9,10,0,567,9874,0,0,,,,,,
27/08/2015 06:41:38,5,5,5,0,0.13,10,10,1000,10,0.065047417,0.1,U,10,10,0,G,1,10,10,E,1,0,0,E,1,0,0,E,1,0,0,10,10,0,ERROR,,,,,,,,,
27/08/2015 06:41:39,5,5,5,0,0.13,10,10,1000,10,0.065047417,0.1,U,10,10,0,G,1,10,10,E,1,0,0,E,1,0,0,E,1,0,0,10,10,0,510,5881,0,0,,,,,,
27/08/2015 06:41:39,5,5,5,0,0.13,10,10,1000,10,0.0551921478,0.1,E,1,0,0,G,1,10,10,E,1,0,0,G,1,10,10,G,1,10,10,4,10,0,ERROR,,,,,,,,,
27/08/2015 06:41:42,5,5,5,0,0.13,10,10,1000,10,0.0551921478,0.1,E,1,0,0,G,1,10,10,E,1,0,0,G,1,10,10,G,1,10,10,4,10,0,623,9354,0,0,,,,,,
27/08/2015 06:41:43,5,5,5,0,0.13,10,10,1000,10,0.0515137755,0.1,E,1,0,0,E,1,0,0,E,1,0,0,G,1,10,10,U,10,10,0,10,10,0,ERROR,,,,,,,,,
27/08/2015 06:41:45,5,5,5,0,0.13,10,10,1000,10,0.0515137755,0.1,E,1,0,0,E,1,0,0,E,1,0,0,G,1,10,10,U,10,10,0,10,10,0,590,9066,0,0,,,,,,
27/08/2015 06:41:46,5,5,5,0,0.13,10,10,1000,10,0.0522747844,0.1,U,10,10,0,U,10,10,0,G,1,10,10,G,1,10,10,G,1,10,10,5,10,0,ERROR,,,,,,,,,
27/08/2015 06:41:47,5,5,5,0,0.13,10,10,1000,10,0.0522747844,0.1,U,10,10,0,U,10,10,0,G,1,10,10,G,1,10,10,G,1,10,10,5,10,0,863,5795,100,10,10,,,,,
27/08/2015 06:41:48,5,5,5,0,0.13,10,10,1000,10,0.0734812169,0.1,G,1,10,10,G,1,10,10,G,1,10,10,G,1,10,10,G,1,10,10,8,10,0,ERROR,,,,,,,,,
27/08/2015 06:41:49,5,5,5,0,0.13,10,10,1000,10,0.0734812169,0.1,G,1,10,10,G,1,10,10,G,1,10,10,G,1,10,10,G,1,10,10,8,10,0,602,6350,9,3,3,,,,,
27/08/2015 06:41:49,5,5,5,0,0.13,10,10,1000,10,0.0181115594,0.1,U,10,10,0,G,1,10,10,U,10,10,0,G,1,10,10,U,10,10,0,7,10,0,ERROR,,,,,,,,,
27/08/2015 06:41:50,5,5,5,0,0.13,10,10,1000,10,0.0181115594,0.1,U,10,10,0,G,1,10,10,U,10,10,0,G,1,10,10,U,10,10,0,7,10,0,484,5774,0,0,,,,,,
27/08/2015 06:41:51,5,5,5,0,0.13,10,10,1000,10,0.0096117891,0.1,E,1,0,0,U,10,10,0,G,1,10,10,G,1,10,10,G,1,10,10,3,10,0,ERROR,,,,,,,,,
27/08/2015 06:41:54,5,5,5,0,0.13,10,10,1000,10,0.0096117891,0.1,E,1,0,0,U,10,10,0,G,1,10,10,G,1,10,10,G,1,10,10,3,10,0,997,9359,100,10,10,,,,,
27/08/2015 06:41:54,5,5,5,0,0.13,10,10,1000,10,0.0386937087,0.1,U,10,10,0,G,1,10,10,E,1,0,0,U,10,10,0,U,10,10,0,5,10,0,ERROR,,,,,,,,,
27/08/2015 06:41:55,5,5,5,0,0.13,10,10,1000,10,0.0386937087,0.1,U,10,10,0,G,1,10,10,E,1,0,0,U,10,10,0,U,10,10,0,5,10,0,442,5883,0,0,,,,,,
27/08/2015 06:41:58,5,5,5,0,0.14,10,10,1000,10,0.0339593072,0.1,U,10,10,0,E,1,0,0,U,10,10,0,E,1,0,0,G,1,10,10,8,10,0,ERROR,,,,,,,,,
27/08/2015 06:42:00,5,5,5,0,0.14,10,10,1000,10,0.0339593072,0.1,U,10,10,0,E,1,0,0,U,10,10,0,E,1,0,0,G,1,10,10,8,10,0,1092,5865,405,37,10,27,,,,
27/08/2015 06:42:01,5,5,5,0,0.14,10,10,1000,10,0.0752288231,0.1,U,10,10,0,U,10,10,0,U,10,10,0,U,10,10,0,E,1,0,0,3,10,0,ERROR,,,,,,,,,
27/08/2015 06:42:01,5,5,5,0,0.14,10,10,1000,10,0.0752288231,0.1,U,10,10,0,U,10,10,0,U,10,10,0,U,10,10,0,E,1,0,0,3,10,0,453,6294,0,0,,,,,,
27/08/2015 06:42:02,5,5,5,0,0.14,10,10,1000,10,0.0260002686,0.1,U,10,10,0,U,10,10,0,E,1,0,0,E,1,0,0,E,1,0,0,7,10,0,ERROR,,,,,,,,,
27/08/2015 06:42:03,5,5,5,0,0.14,10,10,1000,10,0.0260002686,0.1,U,10,10,0,U,10,10,0,E,1,0,0,E,1,0,0,E,1,0,0,7,10,0,510,6048,0,0,,,,,,
27/08/2015 06:42:03,5,5,5,0,0.14,10,10,1000,10,0.0410957245,0.1,U,10,10,0,E,1,0,0,G,1,10,10,U,10,10,0,E,1,0,0,4,10,0,ERROR,,,,,,,,,
27/08/2015 06:42:06,5,5,5,0,0.14,10,10,1000,10,0.0410957245,0.1,U,10,10,0,E,1,0,0,G,1,10,10,U,10,10,0,E,1,0,0,4,10,0,1850,6245,1435,105,10,92,3,,,
27/08/2015 06:42:06,5,5,5,0,0.14,10,10,1000,10,0.0444890392,0.1,E,1,0,0,U,10,10,0,E,1,0,0,E,1,0,0,U,10,10,0,4,10,0,ERROR,,,,,,,,,
27/08/2015 06:42:09,5,5,5,0,0.14,10,10,1000,10,0.0444890392,0.1,E,1,0,0,U,10,10,0,E,1,0,0,E,1,0,0,U,10,10,0,4,10,0,594,9164,0,0,,,,,,
27/08/2015 06:42:09,5,5,5,0,0.14,10,10,1000,10,0.0924100022,0.1,G,1,10,10,U,10,10,0,U,10,10,0,G,1,10,10,E,1,0,0,1,10,0,ERROR,,,,,,,,,
27/08/2015 06:42:10,5,5,5,0,0.14,10,10,1000,10,0.0924100022,0.1,G,1,10,10,U,10,10,0,U,10,10,0,G,1,10,10,E,1,0,0,1,10,0,509,5683,0,0,,,,,,
27/08/2015 06:42:11,5,5,5,0,0.14,10,10,1000,10,0.0271180335,0.1,E,1,0,0,U,10,10,0,G,1,10,10,E,1,0,0,U,10,10,0,5,10,0,ERROR,,,,,,,,,
27/08/2015 06:42:14,5,5,5,0,0.14,10,10,1000,10,0.0271180335,0.1,E,1,0,0,U,10,10,0,G,1,10,10,E,1,0,0,U,10,10,0,5,10,0,1069,9530,100,10,10,,,,,
27/08/2015 06:42:14,5,5,5,0,0.14,10,10,1000,10,0.0984722563,0.1,U,10,10,0,U,10,10,0,E,1,0,0,E,1,0,0,E,1,0,0,8,10,0,ERROR,,,,,,,,,
27/08/2015 06:42:16,5,5,5,0,0.14,10,10,1000,10,0.0984722563,0.1,U,10,10,0,U,10,10,0,E,1,0,0,E,1,0,0,E,1,0,0,8,10,0,537,6352,0,0,,,,,,
27/08/2015 06:42:16,5,5,5,0,0.14,10,10,1000,10,0.0441712178,0.1,G,1,10,10,U,10,10,0,U,10,10,0,G,1,10,10,U,10,10,0,9,10,0,ERROR,,,,,,,,,
27/08/2015 06:42:17,5,5,5,0,0.14,10,10,1000,10,0.0441712178,0.1,G,1,10,10,U,10,10,0,U,10,10,0,G,1,10,10,U,10,10,0,9,10,0,495,5626,0,0,,,,,,
27/08/2015 06:42:18,5,5,5,0,0.14,10,10,1000,10,0.0967902063,0.1,U,10,10,0,E,1,0,0,E,1,0,0,E,1,0,0,U,10,10,0,6,10,0,ERROR,,,,,,,,,
27/08/2015 06:42:19,5,5,5,0,0.14,10,10,1000,10,0.0967902063,0.1,U,10,10,0,E,1,0,0,E,1,0,0,E,1,0,0,U,10,10,0,6,10,0,521,5894,0,0,,,,,,
27/08/2015 06:42:22,5,5,5,0,0.15,10,10,1000,10,0.0479357319,0.1,G,1,10,10,E,1,0,0,E,1,0,0,U,10,10,0,G,1,10,10,7,10,0,ERROR,,,,,,,,,
27/08/2015 06:42:23,5,5,5,0,0.15,10,10,1000,10,0.0479357319,0.1,G,1,10,10,E,1,0,0,E,1,0,0,U,10,10,0,G,1,10,10,7,10,0,465,6015,0,0,,,,,,
27/08/2015 06:42:23,5,5,5,0,0.15,10,10,1000,10,0.0653864204,0.1,G,1,10,10,U,10,10,0,G,1,10,10,E,1,0,0,U,10,10,0,7,10,0,ERROR,,,,,,,,,
27/08/2015 06:42:25,5,5,5,0,0.15,10,10,1000,10,0.0653864204,0.1,G,1,10,10,U,10,10,0,G,1,10,10,E,1,0,0,U,10,10,0,7,10,0,842,6028,100,10,10,,,,,
27/08/2015 06:42:25,5,5,5,0,0.15,10,10,1000,10,0.0301412145,0.1,E,1,0,0,E,1,0,0,E,1,0,0,G,1,10,10,G,1,10,10,7,10,0,ERROR,,,,,,,,,
27/08/2015 06:42:28,5,5,5,0,0.15,10,10,1000,10,0.0301412145,0.1,E,1,0,0,E,1,0,0,E,1,0,0,G,1,10,10,G,1,10,10,7,10,0,581,9018,0,0,,,,,,
27/08/2015 06:42:28,5,5,5,0,0.15,10,10,1000,10,0.0681003721,0.1,U,10,10,0,E,1,0,0,U,10,10,0,G,1,10,10,U,10,10,0,2,10,0,ERROR,,,,,,,,,
27/08/2015 06:42:30,5,5,5,0,0.15,10,10,1000,10,0.0681003721,0.1,U,10,10,0,E,1,0,0,U,10,10,0,G,1,10,10,U,10,10,0,2,10,0,1272,5615,579,50,10,40,,,,
27/08/2015 06:42:30,5,5,5,0,0.15,10,10,1000,10,0.0173816198,0.1,G,1,10,10,U,10,10,0,U,10,10,0,G,1,10,10,E,1,0,0,1,10,0,ERROR,,,,,,,,,
27/08/2015 06:42:31,5,5,5,0,0.15,10,10,1000,10,0.0173816198,0.1,G,1,10,10,U,10,10,0,U,10,10,0,G,1,10,10,E,1,0,0,1,10,0,487,5675,0,0,,,,,,
27/08/2015 06:42:32,5,5,5,0,0.15,10,10,1000,10,0.0276820763,0.1,G,1,10,10,E,1,0,0,G,1,10,10,U,10,10,0,U,10,10,0,4,10,0,ERROR,,,,,,,,,
27/08/2015 06:42:34,5,5,5,0,0.15,10,10,1000,10,0.0276820763,0.1,G,1,10,10,E,1,0,0,G,1,10,10,U,10,10,0,U,10,10,0,4,10,0,1770,6626,1342,100,10,84,4,2,,
27/08/2015 06:42:35,5,5,5,0,0.15,10,10,1000,10,0.0828370546,0.1,G,1,10,10,E,1,0,0,G,1,10,10,E,1,0,0,G,1,10,10,10,10,0,ERROR,,,,,,,,,
27/08/2015 06:42:37,5,5,5,0,0.15,10,10,1000,10,0.0828370546,0.1,G,1,10,10,E,1,0,0,G,1,10,10,E,1,0,0,G,1,10,10,10,10,0,2323,6142,2016,128,10,99,14,3,2,
27/08/2015 06:42:38,5,5,5,0,0.15,10,10,1000,10,0.0078459489,0.1,U,10,10,0,E,1,0,0,U,10,10,0,U,10,10,0,G,1,10,10,1,10,0,ERROR,,,,,,,,,
27/08/2015 06:42:39,5,5,5,0,0.15,10,10,1000,10,0.0078459489,0.1,U,10,10,0,E,1,0,0,U,10,10,0,U,10,10,0,G,1,10,10,1,10,0,931,6404,249,25,10,15,,,,
27/08/2015 06:42:40,5,5,5,0,0.15,10,10,1000,10,0.0216081925,0.1,U,10,10,0,U,10,10,0,U,10,10,0,E,1,0,0,G,1,10,10,4,10,0,ERROR,,,,,,,,,
27/08/2015 06:42:41,5,5,5,0,0.15,10,10,1000,10,0.0216081925,0.1,U,10,10,0,U,10,10,0,U,10,10,0,E,1,0,0,G,1,10,10,4,10,0,491,5639,0,0,,,,,,
27/08/2015 06:42:41,5,5,5,0,0.15,10,10,1000,10,0.0716147241,0.1,G,1,10,10,E,1,0,0,E,1,0,0,G,1,10,10,U,10,10,0,10,10,0,ERROR,,,,,,,,,
27/08/2015 06:42:42,5,5,5,0,0.15,10,10,1000,10,0.0716147241,0.1,G,1,10,10,E,1,0,0,E,1,0,0,G,1,10,10,U,10,10,0,10,10,0,488,5765,0,0,,,,,,
27/08/2015 06:42:46,5,5,5,0,0.01,10,10,1000,10,0.0594501054,0.1,E,1,0,0,U,10,10,0,G,1,10,10,U,10,10,0,U,10,10,0,7,10,0,ERROR,,,,,,,,,
28/08/2015 09:32:36,5,5,5,0,0.01,10,10,1000,10,0.0415539292,0.1,E,1,0,0,G,1,10,10,E,1,0,0,E,1,0,0,E,1,0,0,7,10,0,ERROR,,,,,,,,,
28/08/2015 09:32:39,5,5,5,0,0.01,10,10,1000,10,0.0415539292,0.1,E,1,0,0,G,1,10,10,E,1,0,0,E,1,0,0,E,1,0,0,7,10,0,978,9419,64,8,8,,,,,
28/08/2015 09:32:39,5,5,5,0,0.01,10,10,1000,10,0.0971957092,0.1,E,1,0,0,U,10,10,0,E,1,0,0,E,1,0,0,E,1,0,0,3,10,0,ERROR,,,,,,,,,
28/08/2015 09:32:45,5,5,5,0,0.01,10,10,1000,10,0.0971957092,0.1,E,1,0,0,U,10,10,0,E,1,0,0,E,1,0,0,E,1,0,0,3,10,0,3160,9419,862,71,10,57,1,2,1,
